{"metadata":{"asset_id":"1598eff6-7db7-4665-8e6d-09fd37fb34a4","asset_attributes":["data_asset"],"name":"algar-dataset-treino.csv","asset_type":"data_asset","created_at":"2020-08-21T01:00:44Z","description":"","origin_country":"us","owner_id":"IBMid-550003BMC0","project_id":"4592fdb5-b5d2-4e44-b076-5434d13c53cd","size":213072,"tags":[],"usage":{"last_update_time":1597971653982,"last_updated_at":"2020-08-21T01:00:53Z"}},"entity":{"data_asset":{"mime_type":"text/csv","dataset":false}},"attachments":[{"id":"20077f08-60c7-4190-9935-b5d90dbfa9ac","version":2,"asset_type":"data_asset","name":"algar-dataset-treino.csv","mime":"text/csv","datasource_type":"193a97c1-4475-4a19-b90c-295c4fdc6517","object_key":"algar-dataset-treino.csv","creator_id":"IBMid-550003BMC0","create_time":1597971653982,"size":213072,"is_remote":false,"is_managed":false,"is_referenced":true,"is_object_key_read_only":true,"is_user_provided_path_key":true,"transfer_complete":true,"is_partitioned":false,"complete_time_ticks":1597971653982,"user_data":{},"test_doc":0,"handle":{"bucket":"cloudpakprojectmodelerflow4-donotdelete-pr-jmqqznlmmmsdmp","location":"us-geo","key":"algar-dataset-treino.csv","upload_id":"done","max_part_num":1},"usage":{"access_count":0,"last_accessor_id":"IBMid-550003BMC0","last_access_time":1597971653982}}]}
